Variable,Coefficient,P-value
Host,89.05747297598391,1.0315491071615577e-59
