Variable,Coefficient,P-value
Host:NewEvent,3.901277487044595,0.26379885638766776
